strategy,avg_time_ms,success_count,memory_usage_percent
WorstFit,0.11554267241379311,1856,100.0
QuickFit,0.09555532786885246,3660,100.0
BestFit,0.12742308539944902,1815,100.0
FirstFit,0.07320758505298383,1793,100.0
NextFit,0.17791415401301516,1844,100.0
