strategy,avg_time_ms,success_count,memory_usage_percent
NextFit,2.1406E-4,10000,54.942
FirstFit,0.01588416,10000,54.854
BestFit,0.0857249,10000,54.799
QuickFit,0.00988518,10000,27.659
WorstFit,0.07255457,10000,55.058
