strategy,avg_time_ms,success_count,memory_usage_percent
WorstFit,0.46877906873859426,18083
QuickFit,0.04804602409638554,36520
BestFit,0.4679954560475875,18156
FirstFit,0.11641892516931886,18161
NextFit,1.0673320359609693,18242
